user_id,activity_level,account_age_days,is_active,web3_preference,ai_preference,music_preference
0,0.13475161773870276,92,True,0.8209217708198977,0.265403553093567,0.21674326926591606
1,0.23844893175840282,931,True,0.3377548730127577,0.33641800386018234,0.17881190918916046
2,0.5295557575690581,110,True,0.3831705644794894,0.21708805770575687,0.3520322796397959
3,0.16101670776845156,22,True,0.2591451051171488,0.37942616915624167,0.5069854119793485
4,0.14379070662511545,918,True,0.7606948416524674,0.17663316644320437,0.12488309229262079
5,0.6038402519662698,662,True,0.3330873546425355,0.35087236855782367,0.49906956480388287
6,0.36734522998818536,502,True,0.22156265334662345,0.6197057479446251,0.08764122268127206
7,0.4569730183449239,118,True,0.35453025676733074,0.3663225932275003,0.11949619621405178
8,0.20970067537383713,587,True,0.7096517631908908,0.1795442339569301,0.05501048309574969
9,0.1,912,True,0.1160046643039731,0.2208407846076166,0.7978438925794075
10,0.7462391892395894,64,False,0.40579770459210696,0.45735094302953794,0.2732079847674036
11,0.6583129698290452,315,True,0.01,0.17901318644967093,0.6454177963584216
12,0.44599070385450373,679,True,0.32672678296839547,0.3139157798879212,0.30717863196544387
13,0.5258624567447656,857,True,0.402143959272848,0.18354499086656811,0.2651880192424286
14,0.1246684612195712,779,True,0.16501666975693757,0.1945442678269298,0.6457105212546589
15,0.4034956881574591,32,True,0.3526545965448986,0.4737991695213747,0.1894657870316072
16,0.35576073697364896,907,True,0.290264900370181,0.2756635214215313,0.37618159844433735
17,0.943553388713749,930,True,0.19653559642970328,0.23281110195017474,0.803254095852539
18,0.548911646483413,962,True,0.07310184519940553,0.2726090144157613,0.5009380792169043
19,0.28864344585537033,629,False,0.6362945480884895,0.14198322229160282,0.2505892298301975
20,0.31887371417653704,186,True,0.11585196582389501,0.7459302710170929,0.01
21,0.46837898197990674,400,True,0.3346132895736569,0.3991185130279582,0.20578289242113568
22,0.33537358323303557,82,True,0.10258283394567054,0.07197813826309099,0.5810345915851687
23,0.588395740292295,251,True,0.16769267356073986,0.7341307812233852,0.0865019323582737
24,0.3804281653446764,160,False,0.3911569688306898,0.7028306234228927,0.01
25,0.7463862290141101,187,True,0.1842641006672287,0.12143619119077223,0.7487289979828722
26,0.3127332533947066,981,False,0.22739591849916635,0.7317409452063114,0.18413692583495989
27,0.22132908147813207,414,False,0.46448540818774986,0.28760974008181117,0.2990134036266929
28,0.11513574485038303,909,True,0.48374890587779507,0.34213044331365283,0.1945577486424447
29,0.23988442295194007,507,True,0.21725095231031538,0.5753952407561089,0.20810887979697992
30,0.26719064776704826,409,False,0.7199536843625796,0.25900097608588574,0.1593626051716301
31,0.4424518698501162,475,True,0.42566873402612915,0.019265822760378137,0.45652970678562
32,0.20034367870720932,703,True,0.6483043595308317,0.16865458992218996,0.11965305458006138
33,0.6929366583300225,651,True,0.6847420664015247,0.01,0.1695587526951669
34,0.5555403177160728,370,True,0.4380320717830323,0.35657105644526604,0.4633863969821911
35,0.6255681258597181,250,True,0.11656014175775906,0.29077293749834754,0.7456546194101036
36,0.7965829333645362,637,True,0.26205758249697675,0.18891981379366432,0.5990898854846848
37,0.458757742196377,365,True,0.6833492544813944,0.10150174561350833,0.01
38,0.2140739842184048,626,True,0.08865019152555408,0.22778377619316506,0.6678529035152727
39,0.6240470395478309,625,True,0.3885933215408412,0.7441053207455502,0.09194700942839135
40,0.832871850755912,11,True,0.2728878556148658,0.3138251214250517,0.4728169481666783
41,0.8459047425141446,481,True,0.15423766370701247,0.21535650866751507,0.765413698170593
42,0.32882133623074716,290,True,0.11998449128247132,0.6969988619244458,0.08650398160017005
43,0.3349082699314628,602,True,0.30425836818592045,0.40041540439196915,0.29636338040151267
44,0.6442710846155224,494,True,0.3038848684198873,0.17505085338939733,0.38863567073020366
45,0.2308281736523562,459,True,0.8130960921543584,0.1796147380390373,0.10199741013242186
46,0.1,998,False,0.3333552745521565,0.43062119130115295,0.12993253497729446
47,0.1926553829923643,991,True,0.42212301538956293,0.3990262324795681,0.2765288917055002
48,0.6898668577207462,370,True,0.8329909381711942,0.2915297431376762,0.01
49,0.527039513903951,569,True,0.33511126601956953,0.4720338448862371,0.11688753821008918
50,0.9348167084907397,376,True,0.26162630586967883,0.29478765082791414,0.5477605409677087
51,0.5292050364854514,276,True,0.3406382274949232,0.21768208264464378,0.25517720957625795
52,0.5290420910268933,549,True,0.12780065959390735,0.23220247151399054,0.785858059881181
53,0.6044841456512164,732,True,0.44543388271957296,0.3290234815633535,0.21075931821511656
54,0.5957623052241092,462,True,0.2041018033359311,0.4189636102424157,0.339478127087382
55,0.6512548660403465,116,True,0.17757798813655212,0.4603930463184447,0.37672761908068836
56,0.32399502540336445,160,True,0.8176175246937772,0.1701265300918329,0.06789613135995232
57,0.7905181615326498,761,False,0.40951745876525214,0.48630296090405495,0.23981974678517945
58,0.19820165955715513,949,True,0.1782552230186464,0.389754617409411,0.3101449247273762
59,0.576523461513255,821,True,0.5802760782773908,0.0804548059533453,0.06211938066562877
60,0.15159962399777194,198,True,0.37617070139458053,0.701290293641937,0.07781328701244054
61,0.8176368318384701,77,True,0.5770771744745757,0.3223586883571718,0.0834636153688346
62,0.6772349434230155,133,False,0.2648226640655396,0.32968152525639355,0.4006177536949985
63,0.2477929130500871,117,False,0.27731306520097254,0.6371753094403177,0.03748187181025113
64,0.24760420280253143,377,True,0.4513022383869733,0.23874071996967366,0.15070629382116849
65,0.3651119762886478,872,True,0.8077566460367911,0.374347435966679,0.13095439953826563
66,0.1,830,True,0.01,0.2464314569447115,0.34635111690305787
67,0.43763859591233617,383,True,0.3177103633113731,0.4789507716818978,0.10240391412276834
68,0.6101199154599681,49,True,0.4427913545342194,0.4031338682538367,0.18827403049730643
69,0.625351721398683,354,True,0.29576581681965647,0.3178039311187194,0.29881681729657295
70,0.8786031923605306,251,True,0.3432829751492642,0.45287198208382956,0.14938728140732693
71,0.2567983426147272,138,True,0.1859467539768042,0.33938141723375914,0.6173341983446909
72,0.5587085409899155,151,True,0.770387599605695,0.14756621905443176,0.01
73,0.6847776325116469,363,True,0.41237817769825985,0.3114678229613801,0.2121266379977872
74,0.530752627606326,164,True,0.02601739328640841,0.3397578740403825,0.8062698966324975
75,0.7934994843395795,900,False,0.6538471918057172,0.35220983685583257,0.10218387968650507
76,0.5677716143426521,762,True,0.785540139338578,0.3068257318563829,0.01
77,0.5590259101480527,44,True,0.4186399653088221,0.4533043709438044,0.29420620465308944
78,0.8466146068393348,198,True,0.12000173098285949,0.7824954796154346,0.06366919605505386
79,0.457740933364198,746,True,0.341179811755121,0.5507310215132577,0.06899826639151439
80,0.5242824443950432,735,True,0.37404737440054,0.31588011900576307,0.34456552642510846
81,0.3157651797361737,873,False,0.505368617268581,0.09085067329300436,0.0901903292313578
82,0.7105961981694374,726,True,0.38294622628696606,0.2366280210599606,0.29434511320240697
83,0.5615737101421118,749,True,0.5425861057197039,0.3457666103599453,0.23185850899982155
84,0.3012012797185425,894,True,0.5348904371880848,0.1480286694159612,0.1286647085173411
85,0.4779400730876377,812,True,0.39689738008354614,0.25782523053579265,0.1389411039904756
86,0.8594395872566375,930,True,0.14665893697717608,0.10993756279979217,0.5124987541119186
87,0.4142221190022978,367,True,0.1706252057444952,0.18128620034655835,0.7769897650109814
88,0.3609573951734001,626,True,0.44683119900253365,0.3036030998472454,0.5484049544903686
89,0.4357005918015089,127,True,0.12201137957865844,0.6072463309774722,0.08796482169125913
90,0.6418088737367094,160,True,0.015729355941681816,0.15858919929015763,0.7145815318876819
91,0.8867013748713198,286,True,0.46127810523714785,0.1542104705857171,0.2287540678060565
92,0.29988049812320616,904,True,0.1459528162603374,0.751341777821524,0.08890865373682347
93,0.6969128719455442,493,True,0.2531128548286005,0.16677247569137754,0.6424507703618515
94,0.1,979,True,0.2980615887272106,0.4640510801693063,0.21077202384284022
95,0.1,136,True,0.21829808141749307,0.1335054153665931,0.595766835572061
96,0.4386047077582006,781,True,0.47562717525079545,0.3064077157513625,0.2784464220735279
97,0.10401439997052753,643,True,0.5002900446085125,0.37112282572990024,0.22030894281965321
98,0.760728848508105,978,False,0.19085006761649553,0.7104986342955242,0.1190808893063264
99,0.34330937196552824,49,True,0.0581340159200385,0.6700140654152384,0.07849442776232575
100,0.44241384519206706,170,True,0.04236555731950852,0.1389616211335355,0.6749497182648718
101,0.7442450773902342,980,False,0.17368252157619596,0.6847354670987814,0.19383514767993915
102,0.5745576166610363,104,False,0.08568520216356024,0.8831304070394955,0.09588468711067702
103,0.2586567790024409,545,True,0.39715215319160935,0.25794876949467216,0.37491589244653806
104,0.40866557021105454,972,True,0.12984873863286392,0.17193850829418336,0.41530024898601875
105,0.39054519766087803,539,False,0.021616587717941685,0.17128080904163195,0.67492766764349
106,0.13557572974071364,810,True,0.34877983591691264,0.4892031506744878,0.5456073575668628
107,0.528269260273533,134,True,0.15744962456010325,0.12272199262359938,0.733170448982039
108,0.6060069662477503,140,True,0.26310104657479194,0.8071980416491503,0.1546456137037834
109,0.14216529010954282,401,True,0.11891278756882549,0.20891282560504346,0.6594002770674172
110,0.55053619537238,999,True,0.17596701141843407,0.08162470876878834,0.99
111,0.8053806878623713,727,True,0.22926614705213175,0.8541107149343234,0.1298504846750153
112,0.4573429277221991,628,True,0.43615401105762314,0.4036461852841815,0.2536477600158661
113,0.4383965026398772,766,False,0.7439110501840899,0.2843904131953985,0.10720592378178356
114,0.2930444272200168,600,True,0.6599605252559213,0.18456392072397965,0.08946807374257731
115,0.16154363779309777,602,True,0.41146331765309535,0.35710046362507825,0.35731083099283834
116,0.2466048294842097,340,True,0.7767772255016032,0.3935317365774519,0.2600129644416789
117,0.195853686993549,649,True,0.08879851578679887,0.6802527300563578,0.19010940165529996
118,0.6849516682481783,134,True,0.38984315375451306,0.350808359315828,0.598324372965376
119,0.5518122137539291,882,True,0.1697618876867691,0.23837252717106028,0.4666678771226039
120,0.8235405170762236,661,True,0.6083056849224493,0.24047675849746303,0.11025293817460426
121,0.20531955214847147,765,True,0.37740200548746533,0.6399451457594084,0.1413062379984143
122,0.6496302419744162,204,True,0.12508721063396042,0.6920879311909476,0.28120420879850977
123,0.26255674170005594,66,True,0.1979901622271712,0.2968628025659859,0.29214600803571494
124,0.3875201860364135,103,True,0.4906533173833353,0.27537192245391834,0.057391081009297316
125,0.5863693629315203,83,True,0.30689845541861305,0.219291845070806,0.4708434740575725
126,0.9698359587650863,337,True,0.07809289628518365,0.10241665799451083,0.6681351220453386
127,0.38687549629576745,970,False,0.38893270942393254,0.12114043723578544,0.8683486575175713
128,0.4899885889986329,380,True,0.653367255204184,0.22855426263785472,0.1947163568036342
129,0.5193971697310151,456,True,0.04082056933796026,0.08406361329925774,0.6468351974810067
130,0.3374603917459951,556,True,0.15900890682714053,0.6630956539215234,0.15311205063562583
131,0.32293974955317717,576,True,0.7417863584867531,0.07871909765713188,0.01
132,0.35379613888514583,498,True,0.08912626225627195,0.17014758635646104,0.7373119585904828
133,0.39284735318442915,621,False,0.5191360590611724,0.4989854673288601,0.10808421708885586
134,0.7118157237054052,832,True,0.4753501988100384,0.30832753817437164,0.3502196244309312
135,0.5372079945234317,958,False,0.3912028865499103,0.1725717193772781,0.32265643701194063
136,0.4339252332920814,739,True,0.02747465154779627,0.23081911918251832,0.5231670145453734
137,0.3800203279862295,448,True,0.4181046274121413,0.47360955948225425,0.34811209293884415
138,0.5337814965704534,506,True,0.5808619664083712,0.26769744765280445,0.0460192699663417
139,0.5611726419300892,860,True,0.28746636656805047,0.358945054674538,0.1027778510152505
140,0.21031203101844304,780,False,0.3792830624631014,0.3774530939730568,0.019284225821785878
141,0.681077850383842,227,True,0.15148182205010383,0.09739724920650117,0.723681350761426
142,0.6363049378257424,816,True,0.442014940175117,0.7937232511205605,0.01
143,0.8221075388252411,208,True,0.7417427744883682,0.2239074840023359,0.13987380172125163
144,0.34893410659353036,676,True,0.5892918067406852,0.338391894803869,0.4927915368144924
145,0.7583697125031164,214,False,0.4829048574874104,0.6544072272312138,0.15923588777554856
146,0.508749543989845,73,True,0.18805367242800775,0.01,0.5152949870972927
147,0.1,246,True,0.01,0.1311245905675602,0.6989918994730493
148,0.297540088937049,515,True,0.3339001951594697,0.19972982158483996,0.023084610737970773
149,0.5511683472067272,126,True,0.3894964020150617,0.7811149630895626,0.01
150,0.47477792458435325,775,True,0.7014066142808091,0.16448800275238082,0.11067752212047295
151,0.8241024402151631,954,True,0.3246251359050237,0.16221766700310866,0.5621971602755982
152,0.4318608349121486,871,True,0.37291710054728233,0.49059653994029684,0.36912528214218526
153,0.5862597152759944,108,True,0.4452252290380545,0.35721402087165843,0.14132982434235042
154,0.4721703114884443,921,True,0.3969375061106833,0.359875802952725,0.1853079839187145
155,0.11952210402945718,958,False,0.7490727155834223,0.22790250973421508,0.10604652396082277
156,0.8244978698323994,576,False,0.01,0.22945987231926968,0.6146149240498966
157,0.7200445612286837,714,True,0.6842189095167457,0.10140773387454421,0.17023408048248412
158,0.8633975563971006,43,True,0.11568225859411936,0.47486632241096255,0.751074515851926
159,0.5736881373593791,540,True,0.07333320782948356,0.3003136127271707,0.7702443643585519
160,0.4556235635096576,974,True,0.35876203365280607,0.32132275545649275,0.5175339318255441
161,0.47119262095590303,641,True,0.35041897717348064,0.335947092372312,0.6009775180300077
162,0.36303048839104757,746,True,0.30845877683309497,0.31990259830121603,0.1601641407678042
163,0.3369000539050742,493,True,0.21172671603912124,0.780550013498216,0.026276972374313604
164,0.6193012105647299,362,True,0.6393090886811476,0.1686455268597164,0.09496707869765078
165,0.7412589795371914,502,True,0.5633796187538481,0.264008422106281,0.4062323923410421
166,0.797191300853425,602,True,0.3430842247986866,0.4996575519862767,0.01
167,0.7542377930772598,203,True,0.6604235674982017,0.20545872281535496,0.09067762605525137
168,0.2528117370488543,347,True,0.08661055045566064,0.17902098597805538,0.7464771070508367
169,0.127498280143527,515,True,0.4984119745215031,0.6102643171488222,0.22321756244554067
170,0.4506786634000614,876,True,0.03407997593250148,0.2778576871892001,0.6368717650966688
171,0.447612466451182,154,True,0.2853324124762362,0.28527213933569484,0.488750189863406
172,0.5437503007750606,830,True,0.3284671558918513,0.43664401202909653,0.45112828445963893
173,0.7824864583536058,957,True,0.28598877498122444,0.3363180997184529,0.2433758793589445
174,0.5177516120565356,792,True,0.4417740354478835,0.5389977458447421,0.01
175,0.5150930667479161,755,True,0.01450932391790724,0.21871708500682036,0.7731463788641296
176,0.5070963393137495,844,True,0.7834656475543904,0.29285968340417873,0.03699629711482352
177,0.4007093490577446,910,True,0.2236301981942116,0.1933593770284272,0.2955634436033425
178,0.6087941058547537,297,True,0.5281985662081629,0.3470853184777692,0.22683414055094314
179,0.9995069263685223,893,True,0.24229717488894567,0.7686297674632432,0.09609204288482802
180,0.3519960652011286,936,True,0.12305447919803159,0.6312818850308682,0.01
181,0.6020878345869922,298,True,0.15997475691576504,0.1426877574060768,0.7262794155773745
182,0.4370270086585014,662,True,0.8561113044204428,0.09314504667400632,0.07805845866197596
183,0.5479045917631858,350,True,0.18834730415120957,0.3121512152104351,0.6762252746650304
184,0.9560284144421018,245,True,0.8799996144793393,0.307926343626884,0.20692463647789716
185,0.9269226172129501,123,True,0.5521777542686905,0.43430247708987973,0.32014586367338704
186,0.4236953947047134,50,True,0.10779490644981929,0.06257938990992795,0.7386329876812022
187,0.4956818303207927,665,True,0.1683210759254857,0.16669676191255378,0.518400891385945
188,0.5175746131254874,839,True,0.12301703229677247,0.01,0.7355979068355738
189,0.31479059875127735,501,True,0.2160410241906653,0.6852961470224792,0.07123454013422305
190,0.3144471916561208,401,True,0.4817204092968239,0.4151716251539769,0.14311347911870415
191,0.40379825384257645,245,True,0.30378330828559535,0.26829987043069253,0.3640759135669512
192,0.479421368806901,946,True,0.17905500893294107,0.5884155599004244,0.27124009213510436
193,0.7230533353606464,837,True,0.13829961816289787,0.47933840459138444,0.053704782328427014
194,0.3940774914021614,316,True,0.7231383088956168,0.2649578471121311,0.21522801761647425
195,0.6545456193853418,938,True,0.27052636188732254,0.7539286536718146,0.145469952809245
196,0.37880261084572414,844,True,0.31615256015964166,0.2347379141204128,0.4131108659103214
197,0.6575423662424623,788,True,0.14419413157487032,0.23839909817514976,0.7539987007688276
198,0.4818783055446361,551,True,0.2328180362319361,0.4574231739300308,0.1971445845261356
199,0.448273068200722,791,True,0.6659161928696281,0.17416787398789904,0.15161276081342528
200,0.29739215595253277,399,False,0.36120737924650065,0.3204107443314827,0.06953651363055743
201,0.5202580216299302,267,True,0.5324587162563675,0.16726646908284712,0.04227218096196844
202,0.486623951820762,278,True,0.3362660080026839,0.74110871876255,0.212449183540183
203,0.2922720534749196,297,True,0.44440683699727673,0.30601548105021537,0.20251173690442437
204,0.6680665069832386,743,True,0.21101961318795937,0.29855349508004814,0.24344429650018973
205,0.22691563555343575,255,True,0.25870354218163516,0.08384386093278087,0.7157761761406005
206,0.589183805460696,506,True,0.1704969050884149,0.6551301643455191,0.1575256134392938
207,0.4534508515492463,45,True,0.19701109993120697,0.22769576897249116,0.4079458308744255
208,0.9625166974969219,786,True,0.38417390721425865,0.6200681360333462,0.17070097785168056
209,0.5295428565437418,541,True,0.4529242786901657,0.41935336270264784,0.15702317818215927
210,0.6548550712518707,395,False,0.27112722812680184,0.6907995794205086,0.05129345980892309
211,0.1,247,True,0.3633049299570849,0.20004931050460842,0.39994521306984954
212,0.2532812181190063,619,True,0.19667253422237713,0.6180474177704738,0.39536551090361693
213,0.4956134000720861,963,True,0.615155924641533,0.2696915781765977,0.16170247393490028
214,0.3690487163477358,865,True,0.23116903733378213,0.7134418467605317,0.03918985044044218
215,0.8018179427784837,950,True,0.5181955603846357,0.3836977635332595,0.33305661914347495
216,0.23101309696366124,705,True,0.01,0.22540863022264232,0.6596638846660143
217,0.5459352036505487,804,True,0.1431650023911567,0.5981366764012076,0.3536741120591512
218,0.6383532170294511,851,True,0.34246779384972265,0.5226105368994818,0.11105957104905571
219,0.7164009127740926,179,False,0.7185392900918202,0.029842777309167345,0.2757333167217685
220,0.9092164385539856,8,True,0.15748183070405514,0.2587628357561443,0.6604101507808676
221,0.43965279608273494,257,True,0.43030899739502826,0.34360352369129776,0.5998246641220698
222,0.17713877341600281,164,False,0.3530023891437679,0.7334172192578641,0.1163446161058187
223,0.3906738625972615,18,True,0.1927918625268762,0.2227259959855617,0.7138423747534054
224,0.4299059709069004,802,True,0.1264216717370152,0.28358120231064243,0.591504407899339
225,0.35299481993909665,215,False,0.02385253730338477,0.2601078899476533,0.7274763072914147
226,0.48232614788939665,82,False,0.09515852958548884,0.33279436056276634,0.3267841878780018
227,0.7026594306271027,447,True,0.13800807682697921,0.5659815776279427,0.08287161063693396
228,0.4405041156489782,597,True,0.1308299596312422,0.19181205158928927,0.684658420294858
229,0.5277675184269351,659,True,0.7291753853758625,0.37930019959721806,0.2011829932346056
230,0.1,81,True,0.09103172413563736,0.2764258925514528,0.613721392272567
231,0.7915976075892834,674,True,0.47807911939826203,0.42779290606153025,0.07659467952321974
232,0.6995328209000741,219,True,0.1007593657159779,0.21750176328086027,0.7004259773369783
233,0.2151371246983798,289,True,0.01,0.14466995025172819,0.7412588658473961
234,0.1446465711314306,663,True,0.2330328108765175,0.7954605727944313,0.044093045885497985
235,1.0,605,True,0.6452180673172442,0.30561445789141767,0.031736609685261985
236,0.6266885759854137,332,True,0.14374101627591976,0.22201227550261543,0.6472711609756581
237,0.3652149227565643,905,True,0.34474824353842304,0.13272690727282538,0.50793428018283
238,0.4216992579778968,245,True,0.3306851305440395,0.32041960960645494,0.34728757793734305
239,0.6928262333959186,834,True,0.12053727468208228,0.22836442090676284,0.9555070045007699
240,0.6597979880203766,351,True,0.36568631027147264,0.30692980970933215,0.24531155170609847
241,0.7619988916541685,320,False,0.7866321045116543,0.1497833976702606,0.12933477656856399
242,0.4947908188823973,549,True,0.8427952584379774,0.27479552550752817,0.01
243,0.8639207658410069,402,True,0.09897900583278602,0.6211621101240208,0.16866379542650034
244,0.29854524852255104,556,True,0.5910212835350014,0.17613286807763306,0.23015069224687507
245,0.31276741515392525,373,False,0.2554566057693393,0.6876752717070224,0.1220030175657855
246,0.5867124999333696,83,True,0.2522069017540042,0.7438947350254187,0.18090481541329784
247,0.3399216141187865,74,True,0.6089405145979495,0.2693321801315308,0.1283657878897471
248,0.506371845455501,193,True,0.2075312576890809,0.3468954860061124,0.13377366756450565
249,0.38841321927618816,295,True,0.36285829616930787,0.6467908646525309,0.19379116457094836
250,0.3826571680442968,713,True,0.10601008895527513,0.695438874175072,0.13333581819451684
251,0.6668836992245006,467,True,0.19501783574142828,0.29529374863976926,0.455227627409191
252,0.7437995763726759,529,True,0.022672861429943486,0.1519304771730624,0.7883271053253139
253,0.3685461109010769,467,True,0.18549232158221807,0.620316415499611,0.02574772021004501
254,0.48931562554944996,963,True,0.45887436785247726,0.2839644988160187,0.4144566259086648
255,0.48548590514396356,537,True,0.20652477208046494,0.34097899130287723,0.19606478208987566
256,0.2500111067974302,420,True,0.4090244241377898,0.3998367496158143,0.1126997021130407
257,0.4650096974673426,643,True,0.31106371260772225,0.6101670729929434,0.01
258,0.634338768757788,500,True,0.2830373312061383,0.25451422785378836,0.2884312655779275
259,0.3884862443501359,953,True,0.20267061289515145,0.1507323771450215,0.8655962010123807
260,0.9030405839611422,4,True,0.7363675731189943,0.1007068871796699,0.1200455698473919
261,0.768386875991492,580,True,0.04858791823309647,0.15432734862158953,0.7624427492972955
262,0.4920317710932096,121,False,0.6674912933660284,0.3967067151344338,0.3238304080461431
263,0.8828587780331583,186,True,0.6156199082122044,0.14562237160666106,0.01
264,0.7011384640398391,464,False,0.09343043232342575,0.15229460801900307,0.7078003934669294
265,0.6278354735981508,422,True,0.33903896484049567,0.3257333608617177,0.0749014579412606
266,0.6262979973075499,45,True,0.15014888898075576,0.3633088949663077,0.7836196616706435
267,0.5676704682733914,378,True,0.7520931864384073,0.4172142806272581,0.31769885454335356
268,0.5534930675200683,881,True,0.37153279918862353,0.35600432682986305,0.26964819868860224
269,0.4880581978911709,557,True,0.6932212106225734,0.2999244927347321,0.06534260939426623
270,0.3096883970706872,286,False,0.29404827107483905,0.12543696608830138,0.48568878917925906
271,0.3108000414042611,928,False,0.6075333428788785,0.2605288098661032,0.17084689966621203
272,0.8065023775148468,637,True,0.7767218762833532,0.20059753138736877,0.01
273,0.29271877548428804,912,True,0.3941587318694602,0.5257509320176297,0.2620887385661336
274,0.6145946001007498,202,True,0.6555451090586478,0.01,0.28751369147025463
275,0.5089579737733794,10,True,0.0948297871198927,0.13717431855200418,0.6127859868553687
276,0.7399063596839177,748,True,0.30911267986120905,0.3203101741501084,0.5823576183912078
277,0.4864482594735293,265,True,0.47372818297036084,0.37454332207780483,0.11118831435501846
278,0.7109285431046967,282,True,0.14170409605659737,0.1799980299063759,0.7275673778131622
279,0.2771418045712811,655,True,0.3254789344141465,0.42610609099120894,0.3291890358114361
280,0.5390196626477782,405,True,0.28392740117657056,0.28723037725235456,0.38670362946544645
281,0.565250732424182,589,True,0.5821871082157921,0.24931430540642616,0.11776736004339064
282,0.32732769211351664,488,True,0.808405252022808,0.3096462406711097,0.1394654416897086
283,0.101867054130021,99,True,0.4419605636332441,0.3074362198422361,0.2795136621219247
284,0.5843955389923481,277,True,0.5307829177974607,0.2327332928494078,0.09707430753994152
285,0.4627256099043962,222,True,0.4699432379316476,0.43791053273402264,0.04717015788266818
286,0.5997462446203188,597,True,0.16504096719766864,0.1489391204542329,0.8687800582995814
287,0.5810542578733866,827,False,0.15832051421962107,0.09828344744121764,0.7354421522108666
288,0.7868751711490116,857,True,0.1827059723872351,0.3370351313256549,0.7824521729442558
289,0.5935655357819951,91,True,0.3723828840266184,0.22045588799766708,0.48253776020691885
290,0.43376211105523566,495,True,0.21010214415054718,0.2719368670612282,0.6519631859816757
291,0.3546888296655808,450,True,0.3162103021883638,0.352022861321863,0.3353301678439794
292,0.5572735856981189,492,False,0.7437904605860671,0.12940501753007738,0.274723819045926
293,0.4249101752237048,16,True,0.3560397494135317,0.45992273439837567,0.10463243056914331
294,0.6717043889885637,228,True,0.20876598760308843,0.6416986668915674,0.07089945404121477
295,0.5214645136680858,262,True,0.6671174582706083,0.05247137802715138,0.016230927916982968
296,0.1969114023052898,942,False,0.86644599974519,0.19172487491427306,0.20506554045006659
297,0.6157071369407056,752,True,0.33112021391327534,0.5473447099831883,0.017152701369309048
298,0.5315140229393114,924,True,0.29731038160034656,0.2148106519293097,0.36501142507891365
299,0.3104013684011236,555,True,0.22823333614627533,0.8590689406692849,0.10619427118819073
300,0.8550979218416139,895,True,0.7642580457125824,0.17806251373364157,0.2136212732609116
301,0.6697201922177802,243,True,0.10287829480343663,0.6824320732629087,0.28363577025283004
302,0.3165073386691166,541,True,0.24935040161809133,0.718379290385493,0.04817332651498932
303,0.7933580747963971,767,True,0.196081923679198,0.2670415662135622,0.3890307481333075
304,0.2816986378534526,828,True,0.3155768229390617,0.6013406337319224,0.049617355496225535
305,0.42750433323079906,758,True,0.325276756786788,0.3112713823428444,0.2833161400359086
306,0.39815671567535527,802,True,0.130443050699746,0.6044060590356481,0.20184210893662471
307,0.42822845285345557,849,True,0.16426578332423947,0.26953347382968357,0.41655475779945583
308,0.4362404262172557,100,True,0.429865972460388,0.33512673183981856,0.29787824697529364
309,0.1,395,True,0.01,0.016631270597997322,0.6883008352124356
310,0.5288092631434603,285,True,0.8143080665203017,0.23984468785332286,0.14245461331739867
311,0.30945836111806657,63,True,0.36824732867950816,0.45786441184517884,0.15331641555667908
312,0.757849235415871,9,True,0.8619027218306201,0.3407406654648881,0.12150670611090461
313,0.644031201919061,908,True,0.10143531765659615,0.7426199351719626,0.07290855689035457
314,0.5569594624685177,218,True,0.3533703037243283,0.2870353027406456,0.20163579588449881
315,0.6898952152140915,498,True,0.2812496502528663,0.28946823749687844,0.27901277335950436
316,0.5721491826662162,683,True,0.24701265642170334,0.43893927869332017,0.09001558176598551
317,0.820573086427818,982,True,0.6166860326230729,0.31809626564339455,0.052759005670009254
318,0.6615234637879633,231,False,0.057494653873211315,0.6922371829664384,0.3123492724803929
319,0.6613825927247011,462,True,0.36874902458489706,0.2051530505100802,0.38891333877664064
320,0.6464539081452612,16,True,0.284662178764504,0.18687959074815447,0.37398482481770634
321,0.3181243461944995,832,True,0.24298281835775234,0.8228790486420628,0.20174034121253945
322,0.4968246184337659,60,True,0.4760371051491207,0.3799888527055927,0.2474378337236871
323,0.7512609998424966,353,True,0.33936884792526667,0.39341136872394816,0.20226952902753836
324,0.26577366910746125,853,True,0.43039942053489627,0.3110066556618713,0.24855291911066274
325,0.5792671950649595,946,True,0.16936021849845356,0.6857688383096218,0.01
326,0.2442763752074653,380,True,0.3160489418388058,0.18295026879654258,0.4150404729313126
327,0.9238899196722645,997,True,0.7323866940460175,0.13685009098758089,0.20178081510419985
328,0.6112964978751023,287,True,0.7691402925955906,0.13418026198572086,0.04139419477205232
329,0.871440124786927,356,True,0.03641037438822568,0.18604881176320293,0.8268337475374841
330,0.2521515425166786,352,True,0.40301148734647085,0.4305358549802622,0.4828058612031664
331,0.4443414245398877,875,True,0.2922156822255552,0.40235575437091065,0.5772520203979028
332,0.5398127571132805,989,False,0.0717777875635279,0.10616732113476153,0.7788719436692338
333,0.3352968515515075,827,True,0.15289423252290962,0.18734424962230717,0.656676993961149
334,0.7547899589326537,229,True,0.2017709661416719,0.2710783541304297,0.5472766496371446
335,0.7795335560081122,175,True,0.8308460068893425,0.01,0.19024782168035323
336,0.34645463590235326,123,True,0.12826906435497232,0.16203532746127697,0.7399853848214661
337,0.4234218098272786,535,True,0.21038860072268892,0.0655790726515392,0.6413584276701899
338,0.492197621075357,614,False,0.37963168141361386,0.3184842640769941,0.26539884740400227
339,0.37237244793183355,107,True,0.7533960536047782,0.05559781517783399,0.21534030787151898
340,0.725054362612787,280,True,0.018775550211188874,0.6592557252943971,0.15794621466552572
341,0.40479519198623126,274,True,0.49014157194870334,0.4975870557640837,0.11306950069790578
342,0.4725145737324471,278,True,0.5062199086747946,0.4496108224279862,0.2540580193537119
343,0.584477378579698,220,True,0.4083031746146217,0.42265583144963026,0.26332709783992003
344,0.7525718533263627,623,True,0.17362372661068554,0.23769148297572446,0.4967832943592573
345,0.2797449160599858,84,True,0.11444527493169923,0.19371690910143538,0.7851723468187921
346,0.5959981220200309,852,True,0.3791619033066203,0.3561012761660909,0.34821647988850946
347,0.5007415277000735,284,True,0.19642218441825457,0.43619392269646895,0.5053538139475423
348,0.6743249552465637,883,True,0.6795917693129645,0.18044831246562412,0.08079112265245567
349,0.6177248350566075,91,True,0.6316093272193642,0.11401541541071492,0.16832576140481176
350,0.4943305785009343,643,True,0.01,0.33032385628646865,0.6983521077164306
351,0.6187509947410454,702,True,0.20216312698210917,0.20228199166612743,0.5248700835697939
352,0.5765947014115809,29,True,0.32154220561221025,0.6874281566886888,0.144688489948182
353,0.1,853,True,0.5595468373573846,0.26213443155462923,0.3895333876550923
354,0.5926951285499339,92,True,0.676240028150102,0.22743985198662184,0.0267191324418469
355,0.3579177533511383,912,True,0.2935777144636068,0.49219432174101624,0.29430861234487626
356,0.8259185796418926,373,True,0.1453286756808063,0.64975170027519,0.21799572700450098
357,0.23123391957562967,716,True,0.12751272331465394,0.01,0.7679527524150022
358,0.413913438657028,654,True,0.11271322298321576,0.24450513528993562,0.7186198567233439
359,0.6106526174053999,198,True,0.1357717048538153,0.018257020771228455,0.8768983182135202
360,0.6546587992750377,447,True,0.6780231459007539,0.19526550667016745,0.14366147506198335
361,0.45312155133415316,239,True,0.17008815415459022,0.6636329621251953,0.08412090927425171
362,0.5781003186403566,635,True,0.070848632364325,0.28889433533792663,0.6645625387636854
363,0.7070513457369759,57,False,0.3153572392137968,0.9184473564312774,0.11180816563430528
364,0.6031151707888309,967,True,0.6344026770606246,0.07474640525455375,0.03078063800683499
365,0.51773614768628,99,True,0.2183123339639419,0.8906913333444031,0.02394795416952561
366,0.3922263578148939,972,True,0.13496970337752173,0.6720599444311297,0.01740773710624474
367,0.12532923716027616,385,True,0.2992612159329734,0.24309263006231938,0.42420275516509914
368,0.5238451593913153,148,True,0.6358880093143643,0.20845986037784564,0.14672393571108835
369,0.5662110397454935,629,True,0.8784579184171671,0.17480131476160915,0.0212765123269609
370,0.5397701567857874,191,False,0.0643245674945663,0.24576147716299263,0.658828233155307
371,0.6647959219064554,715,True,0.12744510704314882,0.6670919116276134,0.2283417831168213
372,0.6325182139453496,494,True,0.5366955954894999,0.432382753976545,0.19581902189853362
373,0.1290644114384284,431,True,0.6574089053450513,0.2512935549063205,0.010291214627541817
374,0.9421641749968526,330,True,0.269298048170476,0.30680896864707585,0.6570682288126561
375,0.5193617364359001,800,True,0.6872027720944044,0.11055516099022034,0.21746995865140778
376,0.37959529782539153,936,True,0.19942052877931393,0.7496492842259752,0.01
377,0.17234611490393303,302,True,0.40830793018509437,0.2764245384273641,0.14831017798662177
378,0.4660465630962729,953,True,0.6404143252026502,0.023537169144253633,0.12558556850577063
379,0.2977826748676562,69,True,0.6899620136449415,0.12744437729791408,0.01
380,0.7270719240661245,288,False,0.4936618990902023,0.43240078902559903,0.04544586183923921
381,0.43350064836360525,147,False,0.25904836291969474,0.7601489982811808,0.04952557003174188
382,0.6795972328198576,657,True,0.4358862036343283,0.45487838671762015,0.23830229603154668
383,0.36550316481684697,59,True,0.5135606555406398,0.3373437814160898,0.0777025290383277
384,0.5245081447159898,141,True,0.309062260171225,0.7967543890901556,0.34471883801097336
385,0.6476205284554353,316,True,0.19145074010329347,0.92190292158516,0.1400859489966868
386,0.4421849656345066,402,True,0.22997489434551344,0.37942136893412143,0.36448218289969314
387,0.28322390636118766,321,True,0.3143566156860572,0.4146179706391372,0.13660433425676827
388,0.33895071616491423,414,True,0.22408534686630366,0.49730723766866125,0.4432941344825552
389,0.4921639616886244,752,True,0.34534557267945853,0.2945559380826917,0.6675652403455136
390,0.5746562632614962,820,True,0.18235656864268063,0.2976697141971937,0.8596786010358898
391,0.4205572654581017,653,True,0.555724493030945,0.26308160964559835,0.2110017914355704
392,0.5252190911562289,361,True,0.2937015552362124,0.5430427167739839,0.2848805942536221
393,0.3956884592180275,647,True,0.33809350368342794,0.3957243929811926,0.41050301901092373
394,0.4297554334670478,559,True,0.16955710040305158,0.24960405326420218,0.4476074372211619
395,0.8094898967500537,490,True,0.34168811881870165,0.21239143973921598,0.6848365278654794
396,0.3850232781858088,767,True,0.21954222815780133,0.3772550706043205,0.06532804165971967
397,0.4749824152554266,458,True,0.6294731704705588,0.01,0.1167640193700805
398,0.17324703408255226,261,True,0.24768486986074706,0.3017711249129334,0.4976703863037716
399,0.6203752304787753,320,True,0.21780445741512397,0.5043296448364788,0.17968467243015848
400,0.28210334141154253,571,True,0.5317252193982199,0.6025131997983142,0.2798893291950075
401,0.454037540974925,996,True,0.2723784736858873,0.7640487130208496,0.18397579129539293
402,0.5743244761131049,205,True,0.24154484035027263,0.33737031529083333,0.32905959949936836
403,0.6926496568342712,314,True,0.47917557727624166,0.35165128667574425,0.08327451585535357
404,0.3075522613465449,609,True,0.7703317463184352,0.36133556424010693,0.01
405,0.7570511649075944,198,True,0.3409303190538946,0.20916115452803194,0.2694396171607151
406,0.7830873624113477,914,True,0.23796164612011733,0.21131337082093543,0.40158430534182715
407,0.6614130323884804,151,True,0.7727458479184932,0.28812459930106415,0.08293723714341672
408,0.8570919976237905,769,False,0.04475505453270026,0.772354891197827,0.08280050596947346
409,0.5699867121109836,677,True,0.33028480404572136,0.4811451350591623,0.36037319139278234
410,0.41055600414063215,167,True,0.7127893348005956,0.06344363956344284,0.1289938689469934
411,0.5008026963300037,368,True,0.11124558280197905,0.16177304159244288,0.6139403566971622
412,0.6442251203212824,668,True,0.45526368357385666,0.17738462872652705,0.08658464039290206
413,0.5943284435965239,53,True,0.2383164107216631,0.34309956156870675,0.32155763489057204
414,0.46730916359515756,562,False,0.6899586139806744,0.18574976126633297,0.09288996871555474
415,0.9329247516722262,402,True,0.12025593769597567,0.7172698865865028,0.16125035467125812
416,0.17359207521888104,22,True,0.12415259861439447,0.23807068978762225,0.5990418251404934
417,0.11486537601373614,686,True,0.34545196509791076,0.2993110287382019,0.28308514813736274
418,0.3492094460771882,624,True,0.09592288348475646,0.13871013366672008,0.6708111857432593
419,0.40591699056620784,874,True,0.35162651718548693,0.4172123639256867,0.26325610739910155
420,0.3775541285522493,251,True,0.28838801798834296,0.36581951633935594,0.22537239272185805
421,0.7687052634767948,426,True,0.2276875457005073,0.20705459116485656,0.5849837701585533
422,0.43712065934437594,998,True,0.13994261618558923,0.3922007128466767,0.7723931454559851
423,0.3560751708982602,603,True,0.1888819254501154,0.619398681004739,0.30036790203765085
424,0.7114827217884014,661,True,0.4838725062375561,0.3844837917571797,0.01
425,0.6118102059749112,598,True,0.1890728893701125,0.8480226361301619,0.04492957113719118
426,0.42841064382446625,977,True,0.17169274210315186,0.8830790622241971,0.24072030194101696
427,0.5665044672310118,666,True,0.01,0.24992865135471354,0.8526499156714081
428,0.25445436426482904,117,True,0.0235384753066408,0.31592961127670005,0.6567211352470373
429,0.813268632848061,372,True,0.2698918066330279,0.42037489145841134,0.17426390160793834
430,0.6430766184179786,708,False,0.27796622791706393,0.4095932326535873,0.32817847823309654
431,0.3065871751070792,611,False,0.16723754269331922,0.08915270955146336,0.9049921523355846
432,0.42609826460523037,755,True,0.8411341526846485,0.01,0.19214637759389877
433,0.534473122907153,424,True,0.6569913294513209,0.15774428655128703,0.11406926605735258
434,0.4746150244640883,570,False,0.33958860889597303,0.4724453219970934,0.09446083691848711
435,0.5977327335571487,159,True,0.3038404764890301,0.7651142723836245,0.01
436,0.1,904,True,0.18605167158893332,0.11477716500444263,0.608901366644784
437,0.554833900125509,150,True,0.19818834454447268,0.39295814731966366,0.22630591390313828
438,0.5079416409705141,926,True,0.15897454821019444,0.21500331795766497,0.6853118534363494
439,0.5373079757809494,832,True,0.2192305653394494,0.2220097212257729,0.3418590153346599
440,0.41470616001019844,580,True,0.2622741963321786,0.24119977345654697,0.6371782402005413
441,0.30888280416154834,102,False,0.24168883466252075,0.06729767986560695,0.6492017115760346
442,0.4950687809258218,46,True,0.2297619080321428,0.6397518291931191,0.07622338299626603
443,0.4014145586649627,711,True,0.1622845897398849,0.7484376800070881,0.11905660009071035
444,0.45032296245929954,202,True,0.5755596643316828,0.22922870397368125,0.1652005141674434
445,0.6072723405866131,462,True,0.1196780151173787,0.7901984753734558,0.1308747530903747
446,0.1493792333874044,518,True,0.5550327887649751,0.3881814497937849,0.0575489269803576
447,0.30115440964791135,437,True,0.34799530571271153,0.3884631070125059,0.3368711109499299
448,0.3820075841222907,611,True,0.4745079857818745,0.1657319968931308,0.1810464256507602
449,0.16487182404713968,536,True,0.39201135531103815,0.444741376507604,0.10896077835746398
450,0.5491597269413423,753,True,0.6043746753973916,0.23903849834380414,0.16616204779972413
451,0.35373126811653804,202,False,0.6457277554323062,0.5053581721518854,0.08242963719774568
452,0.3944398906065423,323,True,0.14849199967120638,0.7110880008692062,0.01
453,0.5569711358645075,514,True,0.08412146790166597,0.32006710760724555,0.5138215714305011
454,0.6236116147406481,536,False,0.6358894486814488,0.43718156894580895,0.15070428468191543
455,0.4762673856095086,84,True,0.6261510636098591,0.04922575829437498,0.05121224120556209
456,0.5106246922771235,823,True,0.8887176624352233,0.16706662555311869,0.01
457,0.6936468294567426,783,False,0.11073542229445621,0.23303760852371852,0.6682334120639056
458,0.509263273205574,61,True,0.7280415273392571,0.30624866852755894,0.1523647908590416
459,0.17986258150941736,460,True,0.09067299399712477,0.2832557997697223,0.8282938510664695
460,0.3021868603261816,342,True,0.6662331276244047,0.195730572086524,0.01
461,1.0,866,True,0.4359233643046578,0.514379494738681,0.23246549540593509
462,0.4161475361004474,510,True,0.7877243499455944,0.1779455933377247,0.01
463,0.5536451158726821,82,True,0.48706335751387486,0.41065341054107535,0.09412927338144882
464,0.506523463528731,79,True,0.7100489577158098,0.16461900089387824,0.01
465,0.41379659881242054,644,True,0.55857583481563,0.1741200456394701,0.1797041560486563
466,0.4678991350654949,534,False,0.36262277560260453,0.31810378246808324,0.4761006509751797
467,0.8242386796873497,165,True,0.7458806751641036,0.08801285129561612,0.22431195832676082
468,0.8473138623365774,865,True,0.2724172042414371,0.8116454754136007,0.05965860404093165
469,0.5975961051349296,269,True,0.10970617544137745,0.21059330755739947,0.29654305628657324
470,0.4803067109605478,591,True,0.0727888549409796,0.20545297991944858,0.6737101392306125
471,0.1,953,True,0.36608161617566326,0.7750995395175674,0.2156326898366414
472,0.48115417853593934,964,False,0.3403847652433624,0.4195653824738555,0.2686468919783098
473,0.16225291078007342,836,True,0.5267093506142728,0.3447688456295663,0.2545575745767867
474,0.60293512791292,863,True,0.3820274718001193,0.414378716876306,0.2454387135132111
475,0.5402062251477519,479,False,0.5214503290887195,0.3725253315916099,0.08965115085322535
476,0.55822789217486,599,True,0.09454136632117141,0.3179263703466907,0.6203711312929585
477,0.7024905608464846,782,True,0.15877046402541659,0.5656327332100611,0.18133188435608627
478,0.21167062571055945,687,True,0.03921951332420548,0.3483202221799675,0.570170317579808
479,0.7094505943352675,443,True,0.6409539564622027,0.04930420603026986,0.0105629532189674
480,0.4216650930648244,177,True,0.7180982759097175,0.01,0.01
481,0.7484390508885238,37,True,0.45927856209247486,0.3709186424367369,0.19918281241461716
482,0.30385245203785716,336,True,0.49292032380713724,0.44754626063598146,0.18345026219132063
483,0.7832772501522824,344,True,0.8482675868273092,0.01,0.13230562763306852
484,0.4581551151690807,557,True,0.1314957277520803,0.15843615506878725,0.6392551998459879
485,0.2143522001840109,758,True,0.5537707945088903,0.2824555879940748,0.2357820435569039
486,0.5511766324217721,604,True,0.20143116281985812,0.24679249396756367,0.5589817018576017
487,0.24993368450856895,337,True,0.23897450275999468,0.19351118141244872,0.4995157692673029
488,0.7483339726092819,500,True,0.2315019618065622,0.9193362673033089,0.3342999374333594
489,0.11574022421043223,782,True,0.41947152023891676,0.38538666848712894,0.30128200893009155
490,0.8131259312513937,208,True,0.50212216382725,0.35102100806779035,0.3362917622877958
491,0.44939642701037846,3,True,0.4294782337886864,0.39962404184508615,0.13185384574023468
492,0.5315192417252649,693,True,0.22987737278002446,0.3956999047071399,0.22399823426572396
493,0.3847170341998942,267,True,0.4904011171637833,0.3089572969797697,0.11800193784097801
494,0.48538298017698506,60,True,0.6437834897525707,0.11975655540689828,0.18006037972320982
495,0.35155922460327627,512,True,0.21916071275696272,0.20160181216104806,0.39532544689432253
496,0.8408430601605716,815,True,0.8054708524883984,0.15997475545260428,0.10365854640167223
497,0.634426714464124,589,True,0.5491370645328727,0.31721669273412445,0.12323337356658075
498,0.5499245560751633,77,True,0.3108760465782866,0.33642620396879247,0.1308835596491813
499,0.4352258308359741,528,True,0.3360827286416951,0.13150980256849967,0.2766066615422429
500,0.437665799604617,288,True,0.31053063788475915,0.30439680491348853,0.6669799700327455
501,0.38656025944180344,609,True,0.10013668665861883,0.2611363255215912,0.8452417271371624
502,0.43360320606453573,137,True,0.07212356091469607,0.5480303632373202,0.04748497608864183
503,0.5214050495179638,90,True,0.6716463449374264,0.21123995891332628,0.28640428316012967
504,0.3749934100585214,265,True,0.2994049478371003,0.5786853550764314,0.08549769419364323
505,0.452046151650096,423,True,0.09091414391924013,0.22193345455210384,0.8516395129901043
506,0.5542541980130749,102,True,0.8067435055826716,0.15643644992146472,0.13785922040890158
507,0.7342418847584721,485,True,0.01,0.17531117011723113,0.6421312702459501
508,0.6752869570501681,871,True,0.07411818761241473,0.11139314123706362,0.6402208897848838
509,0.47043583165657127,982,True,0.3495740028334646,0.3083109384978002,0.06642439328147562
510,0.5167372067304109,261,True,0.29027222728521807,0.43826580718993025,0.2630990905323885
511,0.6673814216706535,386,True,0.41824714301844673,0.331996651466146,0.02118044763323651
512,0.20362683084134514,985,True,0.32851700950223606,0.4602951582629689,0.12067961320320937
513,0.3307706456287177,911,True,0.36867586259833174,0.8150533837380844,0.13535698884930872
514,0.3878374015229781,845,True,0.3984277058495168,0.3721464335360414,0.01
515,0.42699135248772224,575,True,0.3284969328492493,0.6464638033951067,0.19883558885558453
516,0.579854916675778,552,True,0.7719815438590019,0.2619477596592164,0.01
517,0.1,902,True,0.2302390165496783,0.5901323578352782,0.13644868858641832
518,0.5850747253148672,542,True,0.24864668213440455,0.2236178579275469,0.6034325790507793
519,0.5429470504236509,733,True,0.24219730897904307,0.5851232276945806,0.3472029902854894
520,0.6149324286628055,700,False,0.24347790354856075,0.412808665587743,0.44924710164531984
521,0.5759688427949309,682,True,0.15289519179303784,0.7695890415144825,0.031017800009621843
522,0.22385041574785985,713,True,0.333309688988777,0.3348405705676355,0.25449983535622434
523,0.218582978214158,177,True,0.3255403758535477,0.21236001122773013,0.390786019691824
524,0.17052169959709795,51,False,0.4376298054789331,0.41789049831891,0.2998911080775124
525,0.6190567306615914,420,True,0.16346052160136582,0.3439369567129016,0.4058244719542155
526,0.6739605503576015,131,True,0.3534904692941684,0.07633854617452472,0.7090526754287441
527,0.5326672638782464,438,False,0.23015469470168864,0.8015313017482973,0.20977325170143188
528,0.14463622969087225,245,True,0.7228073078997871,0.19350730485561535,0.01
529,0.6687867228284854,882,True,0.08529540567055849,0.2407514258339124,0.5516445329186979
530,0.5518430267497517,112,True,0.14536940496361733,0.20971228228161906,0.6366016919991287
531,0.3895340121373968,933,True,0.3116515532836248,0.3246874378802107,0.2699028188717225
532,0.5807497574636001,243,True,0.35716621840002327,0.506833125541756,0.3993318571872818
533,0.47902739068886996,714,True,0.3905644069260318,0.5174573015808539,0.2158870529643412
534,0.8878145728087775,340,True,0.3637573928397671,0.4307025352854184,0.3066875967377134
535,0.9638027645841643,140,False,0.3414495839155038,0.3215807108037732,0.1845425852012247
536,0.48650039850492843,540,True,0.9383655533366514,0.27671469814429434,0.1923372056759688
537,0.6161333831498803,762,True,0.23367705505023584,0.681680397417402,0.11565108347024308
538,0.3861288098783897,78,True,0.2552335593436683,0.05805278287065463,0.9077524101157256
539,0.8486191280731308,837,True,0.2436232604551093,0.7673958141427527,0.1861747617302654
540,0.5083268443034451,756,True,0.8206664374182863,0.15084032859387253,0.19583832308381666
541,0.19638070151280046,740,True,0.4069933090842736,0.2586916390647773,0.23217853069203748
542,0.5229426444450572,63,True,0.2959832330369014,0.3906773722308108,0.28949395918292564
543,0.14494261685904858,156,True,0.9285986316853787,0.1607294512357301,0.07213119889783368
544,0.6459788010447529,738,True,0.15966925058726192,0.13489818342842058,0.6817984830779479
545,0.5097491563608584,493,True,0.01,0.01,0.6719195840300888
546,0.9062549433576141,77,True,0.36645641089028086,0.25789139577212905,0.4419046323726884
547,0.31783491982887546,66,True,0.27970791825042873,0.4003513741409141,0.24638869617699474
548,0.9872860869228284,316,True,0.6080609945183263,0.5702273409256451,0.3083613382609499
549,0.44196662739223813,348,True,0.3507864090428855,0.4424579746610593,0.3053928485520805
550,0.23561578474629485,528,True,0.4452960303246001,0.37199074871984145,0.14795258774076248
551,0.4756982958133779,53,True,0.5890125760474814,0.12564585836657335,0.08748693161257394
552,0.3495473194722425,8,False,0.7105662736736623,0.21657317117637875,0.06133609766489514
553,0.4632984719124664,796,True,0.11514684269596523,0.01,0.6388253903498954
554,0.35122895140056576,902,False,0.01663602898632796,0.1844200989028923,0.5625796203403617
555,0.24648494189393477,112,True,0.01,0.14544783648068954,0.6131925492759007
556,0.558138925913269,827,True,0.7413151686720573,0.30529394511227737,0.15781291527263042
557,0.4050248666418962,995,True,0.058628815622779606,0.23842270135941734,0.7193902137766951
558,0.48853353366179847,658,True,0.6683963408700417,0.24223145899669818,0.01
559,0.4904512688349556,732,True,0.5607788324439412,0.25198506668445764,0.1537134418901946
560,0.8711117633594829,708,True,0.10393734982210162,0.23615132780960174,0.35438060973321506
561,0.3144955380441868,540,True,0.29444021957920397,0.6253337308392051,0.11859768249215627
562,0.6395098183611416,223,True,0.3659613202513409,0.2564209261036472,0.343313667655522
563,0.35302131226510913,480,True,0.29885058311573925,0.2596253592220969,0.3241100943380095
564,0.39943596183291646,863,True,0.09513230382133889,0.36013334995371643,0.6372559842262912
565,0.6913855425246958,241,True,0.44346396862525295,0.390623246984015,0.26744535920869356
566,0.5624370165994093,478,True,0.6050522102148508,0.08260485513183023,0.01516152583492604
567,0.5607257714121475,199,True,0.5253883700924085,0.01,0.21278143856909865
568,0.1,379,False,0.47861885386527026,0.503747450978701,0.24741317724989895
569,0.47820870909250907,282,True,0.4150126197949096,0.39664826345052645,0.29309969780010986
570,0.36255887208030524,792,True,0.21560567492474814,0.5073333439355426,0.01
571,0.16741153438859113,377,True,0.20673281253865583,0.7469075799102384,0.08028484402689967
572,0.8062798451929749,252,True,0.3323080514258067,0.5712413319710172,0.23959207428556598
573,0.4847212395952522,321,True,0.27163158311324503,0.25606788500012356,0.5539758923741462
574,0.6049005332409552,668,True,0.7972113195469811,0.22809575371950785,0.2332287521477064
575,0.5362983444334549,188,True,0.42831176790365955,0.5383846555637899,0.033734017995620896
576,0.35022813491204197,632,True,0.5628191782272641,0.1774535032902009,0.09220279441028445
577,0.4710076986731724,566,True,0.13011464728793873,0.07186399009131061,0.7428916802366704
578,0.6875680455856099,187,True,0.16412145947777743,0.5537832173237479,0.01
579,0.45179142864247746,775,False,0.38593249067492114,0.45634512127177157,0.22833150565097216
580,0.21263014302805355,363,True,0.2596714717228955,0.21673302514394807,0.7240443276714991
581,0.4955971229431098,542,True,0.3858496049453827,0.13038019482343233,0.09540530879132468
582,0.5226106537294375,541,True,0.2810241141099054,0.4133127592307622,0.5270904037000357
583,0.38646023755915043,343,False,0.3201594779204746,0.4868311057314322,0.24092404303038784
584,0.6101775812565466,768,True,0.20793404775741497,0.7659334560457942,0.1898174397485048
585,0.49786040078784316,744,True,0.5135752885228125,0.42523482256582457,0.28861230660189746
586,0.2516362093115638,834,True,0.22756624718518553,0.6718724355796218,0.04418759441953266
587,0.38745766908643914,800,True,0.08385216791347845,0.5847804809402098,0.10438655272260886
588,0.33873555770178926,846,True,0.13644520999043902,0.666009191032661,0.11386689796891374
589,0.43644906755661783,317,True,0.20050100824387687,0.26515402899510343,0.4133367934205781
590,0.49246196197001335,206,True,0.01,0.6603976816125866,0.031650832155579345
591,0.45969040588157684,533,True,0.20560446116881362,0.07039279754090277,0.767466591651173
592,0.4085685542384787,257,True,0.6301962649464412,0.36564445021774955,0.19680263810043466
593,0.3860821824047763,386,True,0.2708954123019153,0.31183305158737684,0.4312625290243498
594,0.4570842558713911,459,True,0.238475910992708,0.5456664790338936,0.14895790015195687
595,0.4079131268901572,556,True,0.1657908338565299,0.7141899572490648,0.019859850873157087
596,0.2701590635451737,618,True,0.11108810817149842,0.7364774930712201,0.057510518229914265
597,0.6855757125614946,904,True,0.341958698188093,0.32620427066413016,0.48349639080380613
598,0.6378625779382919,394,True,0.246047691635855,0.14748470122579585,0.44306907164463294
599,0.39276559594600136,515,True,0.20662036782456938,0.8297448754659507,0.01
600,0.6297489180223237,980,True,0.6501334706857139,0.1377924225321181,0.1650440714737641
601,0.6501190052648547,59,True,0.01,0.23979775164721942,0.8091362963193729
602,0.25367399555735093,948,True,0.27790306932207554,0.8011515213718863,0.10854497402638984
603,0.8434580075197238,644,True,0.26034130148672274,0.7058639898024123,0.28128883427811635
604,0.5753080818680791,968,True,0.16732048728319135,0.7664895450877898,0.18055537675270286
605,0.3363809681147688,81,True,0.17226566171542373,0.7258841043363382,0.16016076513805058
606,1.0,533,True,0.2807547466749046,0.7267933412564551,0.1375930650855105
607,0.32765720694544537,419,True,0.216684828573525,0.09846400585198747,0.6099499338165715
608,0.5686199980536635,572,True,0.14381313784550603,0.34136813093617757,0.3680844767626254
609,0.40601558432212287,666,True,0.2850677041646431,0.3830826431167737,0.197522644057724
610,0.36709137848780915,192,True,0.6668849070614955,0.16521445738450818,0.0915160579925185
611,0.48396804078089384,255,False,0.8098199326822656,0.05279550270273789,0.06840882468817039
612,0.3529066957658711,274,True,0.33236569003364314,0.40294290106162894,0.41829536535849554
613,0.7138854579669847,700,True,0.22216883091457693,0.7008007471345526,0.04733924363990699
614,0.355651632073388,605,True,0.6652391479088641,0.2532234835578401,0.23681657142894022
615,0.13412470988352648,864,True,0.1816422651110331,0.7289366860275007,0.01
616,0.8285274150173327,595,True,0.5848703509947714,0.10447739304996768,0.01
617,0.38044892570259725,93,True,0.38261087909791924,0.7345123687615265,0.021245427458676663
618,0.6538572962191306,629,True,0.24145359114089793,0.5651848310869647,0.13692567340689052
619,0.3395385424326036,882,True,0.09632326955812849,0.2735073830408172,0.5543592577832572
620,0.4621242032875551,582,True,0.4090195406680952,0.3507930390199452,0.0950694492458601
621,0.32079926376353796,991,True,0.253773392601252,0.26129118852399513,0.38870575666659735
622,0.4644605686853016,460,True,0.21107983207016578,0.8103892136769081,0.10418975481035325
623,0.7884485648511904,666,True,0.23379419817268174,0.25650287426723134,0.26861001695831327
624,0.568592634209549,377,False,0.1727309215982179,0.6527829256425912,0.1578422996060756
625,0.3279662883348194,676,True,0.1753261342386793,0.18015409468443871,0.5522959069015556
626,0.21014441766789865,763,True,0.27221546401986385,0.2844225201939378,0.6851381247294472
627,0.51916488564344,789,True,0.727170278689421,0.01,0.10733779291576814
628,0.29688557899500734,843,True,0.3671338469968307,0.6331345707679131,0.030734049957742912
629,0.5640092667813459,64,True,0.36998752877165564,0.42988125697138674,0.37852302077261013
630,0.37900571768858177,622,True,0.22864053922282485,0.6014602940698218,0.05030879284607821
631,0.7103736859220227,321,False,0.2489429188754675,0.2704384025427715,0.3288292807700522
632,0.45498460990783884,844,True,0.7979566717779573,0.12307422355747544,0.01
633,0.3014614188344241,657,True,0.42973392255735343,0.5493843529430941,0.3402849494662901
634,0.40334152035061516,283,True,0.1540458711511207,0.16106060005184278,0.9072656276251874
635,0.27980361090530204,336,False,0.016823232757185808,0.8516558440442512,0.18377269547324301
636,0.54450763308054,397,False,0.8175535819045029,0.10703478181234179,0.09384414884882691
637,0.3267571449095762,986,True,0.22772344599842753,0.7204254821021947,0.1122330944032306
638,0.2824327324078749,680,True,0.21314783560295614,0.4869074531886184,0.15853300792499153
639,0.8708451964948214,894,True,0.2504415385455543,0.6979128253068688,0.01
640,0.4479785480089655,304,True,0.16841974375822166,0.5141251341995887,0.5394048053715969
641,0.5476386809555328,367,True,0.36848315414628147,0.46150923687487155,0.23295059134328455
642,0.5178780766950782,63,True,0.2586824037542224,0.2772992177540659,0.30464475258282225
643,0.22149519531803152,479,True,0.5161873656096987,0.19201847672063055,0.22732233329214274
644,0.44159341174891603,199,True,0.01,0.08249413300347662,0.6089630360839294
645,0.4711894671759442,787,True,0.417689279231454,0.39057933739187356,0.24823166570220806
646,0.6012173805034335,836,True,0.061340052963115385,0.27771355071213044,0.653641602236573
647,0.6262075109302223,318,True,0.07778670706329766,0.2869977119380015,0.506335849083808
648,0.7250331603949581,575,True,0.27379100048259586,0.4763465393160405,0.3365975260778975
649,0.37226169842833134,240,True,0.2730936395796307,0.35041603727105175,0.48476679392998456
650,0.8309969919402684,299,False,0.15885961005293098,0.14189593122743438,0.43081142831722385
651,0.38929138108294176,501,True,0.5235892124346814,0.3022841697062236,0.22748566377425314
652,0.7543701829224834,734,False,0.7535189951482827,0.2204324269374205,0.01
653,0.5126551852428142,262,True,0.12173531952417778,0.7482854213441743,0.08275173197794927
654,0.4923304141798236,954,True,0.35294188838618945,0.5547875970652546,0.15611411028761843
655,0.5368946277702955,545,True,0.3628541678969062,0.43452687032604076,0.2779394987019914
656,0.3850653260267044,480,True,0.16801404349979146,0.88204953792133,0.019518320111300586
657,0.49428063667282474,465,True,0.23464027864114664,0.7968931806256009,0.20096300766637526
658,0.33624922662602685,119,True,0.4619676678123503,0.3272209095705506,0.2777980760633967
659,0.3190821373624545,635,True,0.3357363350974066,0.46693308458847466,0.3425224588839796
660,0.12351171323054672,774,True,0.43069695352704,0.4080051141057952,0.32876648290987653
661,0.15412529461973856,703,True,0.2876950039895275,0.40737181268099676,0.2537592729544192
662,0.8188389211983607,978,True,0.3750840683555974,0.25955499213730593,0.3528270863641262
663,0.40944733242373776,274,False,0.7070115220069563,0.22377828118053616,0.12153350406259505
664,0.5532296878866567,997,True,0.16617760559078487,0.0991914936339523,0.5756603948548473
665,0.5709917069458882,834,True,0.01,0.28032956700478867,0.30406371117908043
666,0.5744057754370333,597,True,0.2443201919711857,0.4635489097122526,0.42377022512961393
667,0.36192343277237804,26,True,0.27031840291595505,0.8404591640510086,0.14976281525948135
668,0.22751524127292383,811,True,0.18438382217121244,0.692852156910209,0.029385342519720623
669,0.41470973110347537,772,False,0.6647292086285007,0.22905097168829644,0.0409020741681906
670,0.34548070065169245,203,True,0.1360043488689643,0.8981289236699819,0.01
671,0.4173786244069943,982,False,0.7454095305543742,0.3110795167981058,0.23273369388037476
672,0.3610532112717446,126,True,0.33339626543313755,0.2461885522467451,0.510100190786916
673,0.47247236475403875,11,True,0.21591725963445074,0.07775293562585339,0.7738601416343145
674,0.5165837123651459,700,True,0.01,0.7352079255985043,0.13392066705287348
675,0.871840998204231,770,True,0.17681990893174787,0.2669269247944556,0.43111919093396295
676,0.6120576853150617,556,True,0.7295104560862492,0.30960273161439505,0.40371047414765615
677,0.8374809088428995,807,True,0.3575135010609908,0.3007789316391936,0.225612928785857
678,0.5713733720975205,683,True,0.35333236693551184,0.1206373980740649,0.536119382983965
679,0.740382519858051,44,True,0.11273911193836283,0.6413464071714989,0.2367108791334835
680,0.23372506536048004,317,True,0.3447332087633723,0.31160508511380675,0.48338482627432183
681,0.4376116103646035,172,True,0.16963065425915508,0.3263291315848421,0.6082059170630505
682,0.4470437421441756,437,True,0.32857677370186256,0.3312662950284876,0.2616049856856551
683,0.38279045392886163,681,True,0.2527690614664126,0.37903640940671907,0.300929935253043
684,0.41084040672997063,993,True,0.12352005173841729,0.24292622084705282,0.7770289057199976
685,0.8867900998990041,527,True,0.16267154714795207,0.13117742876355118,0.6595975532529174
686,0.2806796091967082,876,True,0.3924467835392042,0.40222529414698405,0.36684197363884985
687,0.10327749163590239,901,True,0.040190102049084145,0.22934558927316828,0.6320809777118716
688,0.5168302735511447,698,True,0.12946788308734034,0.024409450607252442,0.6940235996312815
689,0.250986454933962,59,True,0.37218800821418296,0.3324148919750793,0.18542049322060783
690,0.4920252504262272,362,True,0.6994537725996584,0.2786779571472784,0.01
691,0.1899068011899795,748,True,0.35467008732425864,0.7404120760185071,0.23510777513366854
692,0.5600494352502164,587,True,0.4186117434263694,0.7377980286796708,0.2351942192905909
693,0.5694599608747998,590,True,0.2992748951671509,0.1813321695139803,0.2703578126236087
694,0.775909185378008,428,True,0.19019571827245124,0.6663571528203998,0.03278551017302844
695,0.4689730382244764,227,True,0.6470051507741497,0.19799755566281105,0.01
696,0.3163984021303974,923,True,0.09309204995405902,0.6037937347920805,0.0951052832768789
697,0.4744885936937932,15,True,0.2752563619499809,0.3952515712116974,0.12368409787971896
698,0.7281689228604582,201,True,0.8344885929268688,0.33896398537212497,0.10493499331809784
699,0.571051814104955,89,True,0.31690437527858173,0.3264395880547245,0.12162051755242337
700,0.8136882610456955,312,True,0.07822346931013702,0.3128233313051775,0.8217764790293396
701,0.8318490543487823,637,True,0.21271924539894144,0.6953096073959744,0.18373684487729192
702,0.3660266957725462,520,True,0.06300242704599371,0.14760528092254188,0.6275709276294841
703,0.7810981512976811,82,True,0.2798750553475491,0.7860083598696174,0.10598120006642557
704,0.5279724242211732,305,True,0.3505260859324483,0.3941241522314043,0.23430214890605583
705,0.68538776612308,389,True,0.3117647074333421,0.34338107528867906,0.34200859796133876
706,0.5990151494940393,223,True,0.23347104355574283,0.43767176539319125,0.4045692055422336
707,0.6644452651426437,816,True,0.25781340240748984,0.6976214550157092,0.09418767412611348
708,0.40584031516467417,359,False,0.5697809649307246,0.19122054118474274,0.10910786656783522
709,0.6682166032577865,875,True,0.8089383902656813,0.36015549132079144,0.08367497272080654
710,0.3492673812283379,784,True,0.6516712434948606,0.2433064839654046,0.01
711,0.9121992880572425,432,True,0.1457839146103072,0.08178400004436169,0.5914576740777313
712,0.7996607714210797,454,True,0.561783616014358,0.19160587199822915,0.13116812751403856
713,0.45393161742504146,793,True,0.3759410154966313,0.22509537609199243,0.44164806444931337
714,0.2688567014409351,820,True,0.09090185152809292,0.14945753909100057,0.7374860861186859
715,0.690882008139253,638,True,0.05934364930896207,0.3475221247255438,0.8566159374524928
716,0.40165353923967023,557,True,0.34355891729266447,0.6845455481655293,0.01
717,0.7534302302380416,591,True,0.4230728144523031,0.30479806474004273,0.3052070750994782
718,0.1,87,True,0.1444558739326433,0.13515536163243014,0.6103893336606798
719,0.658751739022694,462,True,0.4446897825826652,0.32437200342617684,0.5558317375778266
720,0.7512273086885355,229,True,0.21169685006138927,0.1161713596889884,0.7076548947382837
721,0.38330703681097517,656,True,0.09372437839601404,0.32129908561255216,0.615064916932744
722,0.8573369574017429,222,True,0.5488394710800777,0.3920051868032645,0.26976670023095184
723,0.6694469462367896,118,True,0.0895536580691409,0.2726665716024291,0.8321732908273021
724,0.5446229172565461,907,True,0.3201505055690067,0.41686534670260894,0.16187883196656921
725,0.18225675004042485,659,True,0.5559110491601872,0.3712526465657157,0.01
726,0.39787060524194895,870,True,0.27942355083804066,0.4215333270682144,0.27902757135659617
727,0.17971531002371832,99,True,0.39397778033915565,0.6685732723661966,0.13716951369323258
728,0.676502939801317,804,True,0.6421047070307386,0.17145600720565324,0.01
729,0.3795777579073924,878,True,0.6941423672486012,0.09956483425568448,0.09110616051556186
730,0.35327240842438873,761,True,0.10270123416706464,0.1547149900177457,0.7232451733384405
731,0.4638651231640068,632,True,0.36329536309926125,0.4475337923529302,0.4626580533814055
732,0.6269598459178486,763,True,0.3387006875016706,0.4691820072158186,0.25019093281390054
733,0.2517340906956851,735,True,0.07984357330822901,0.12823309064325628,0.8541290699000166
734,0.22070623345023377,272,True,0.16602955689099086,0.8225903904806815,0.16995452401756045
735,0.4549408871407389,9,True,0.6809188774361737,0.19895606825002524,0.01
736,0.4807891398604348,883,True,0.2206911905703937,0.20558143972076537,0.413091862813562
737,0.46243335705817723,489,True,0.032794086378418574,0.3572648623798189,0.7747727679943464
738,0.4868619523197238,407,True,0.31965244594349274,0.34516776469171623,0.3955377122425048
739,0.48556195812851166,535,True,0.24106019435117992,0.6569954621010375,0.18204519621141474
740,0.6842377683591707,152,True,0.44123602911118465,0.47959283974408523,0.18987240171845496
741,0.3612228866360303,861,True,0.01,0.10148444553909264,0.8213150968587413
742,0.29868589281654845,335,True,0.7452320748427744,0.2295379022420193,0.06115183150186487
743,0.2494244006086908,71,False,0.2270709341854124,0.30361027178100974,0.34619770540488304
744,0.22510597085370276,467,True,0.3266600603951695,0.38143370276393807,0.5908786304057785
745,0.5343532399106531,140,False,0.4412554023476358,0.534141112153043,0.20573138721978457
746,0.5279736148638839,822,True,0.7443662006914215,0.23248303379751886,0.162679357107875
747,0.7594749838929937,540,True,0.8551037450860122,0.24354053630601574,0.10602781214126443
748,0.49880528418985554,533,True,0.16197105212052065,0.2128209629556339,0.5310656281702356
749,0.34433481917200165,374,True,0.3580513537827399,0.3969989063244378,0.4513989755215425
750,0.9137220544230553,46,True,0.21797159769543592,0.7996894726298821,0.14678058626020915
751,0.9031091296791909,869,True,0.01,0.7260863069752777,0.02119499728092293
752,0.525840442287562,370,True,0.09230311912908838,0.2149592170081417,0.5623207705886083
753,0.36970472618529326,710,False,0.17977204125903268,0.3063227746096422,0.2870802812188207
754,0.5548461327960204,31,True,0.01,0.22136023368870808,0.7638701306157154
755,0.624670174224492,238,True,0.7290875230174062,0.15530103853651567,0.1503885533339773
756,0.4751820244728771,404,True,0.6967891359385973,0.01688907525664976,0.01
757,0.6147160121101981,634,True,0.2543816515249539,0.6878905826017226,0.06618713737983775
758,0.6085610945859076,332,True,0.6110110058764967,0.3020571215143811,0.27182794900633345
759,0.5001389094519837,253,True,0.3654100412302439,0.08818888171892508,0.5030663735658877
760,0.42253407015297695,806,True,0.35298784036397857,0.4676879690764967,0.35109416951479794
761,0.590247679881781,120,True,0.5596386912422483,0.2949132289211594,0.2515628434866863
762,0.6437432552238856,590,True,0.7976856684582233,0.2850501396041256,0.01
763,0.8927988958698176,607,True,0.2718726046458769,0.7368656468828583,0.14163265763605412
764,0.6043114950659914,636,True,0.01,0.8037974460113609,0.14512979010991633
765,0.7802663586418959,943,True,0.6056139548608881,0.2936639700752257,0.10624561277973667
766,0.8716315609943179,831,True,0.01,0.2813376253073831,0.6473293506458675
767,0.24395009333157103,134,True,0.39839764342802125,0.458603424851328,0.34303050756569553
768,0.52604796209485,825,True,0.7160647948235808,0.018455549018168593,0.2801391461700249
769,0.3134651241021915,651,False,0.8635084468395474,0.12100985402568659,0.14585349563095687
770,0.4512126381713168,915,True,0.3540973097650206,0.45289399562060345,0.19861839882612436
771,0.7314853075721702,724,True,0.6932231256378782,0.1490763042902738,0.12814457277930685
772,0.4799441294620664,500,True,0.3644991924621442,0.4070890270875241,0.1535691119835268
773,0.6927905526408958,729,True,0.1332124520584026,0.11068423635433809,0.5636923872027623
774,0.48740556242472777,913,True,0.7779778697700074,0.3016872421416828,0.16316722546086612
775,0.43982918955962313,584,True,0.3423378720387757,0.41319087918068476,0.07792156424683934
776,0.6046027064665942,39,False,0.18367116077240578,0.591100689863951,0.0982555145246053
777,0.437270115876736,786,True,0.8070877452871507,0.1708295795067193,0.01
778,0.5970187572294204,324,False,0.39960158430263665,0.5712113428161614,0.10952983370127743
779,0.6629728642719875,263,True,0.6871742130788823,0.34196197456689204,0.0903249548502148
780,0.3966279600208388,478,True,0.39246887183555695,0.19977071198374616,0.177289950299044
781,0.294127927267095,664,True,0.5134710194638481,0.2479988594298795,0.25185952803420153
782,0.41423939862893633,37,True,0.7871197198067146,0.14299183635868143,0.27537567429885346
783,0.335756205674457,805,True,0.4277364552497056,0.4385613319236958,0.04489940056798297
784,0.48674670797362257,326,True,0.11055389029447593,0.4638130111641185,0.4518636268147949
785,0.39889550542463975,174,True,0.2865601450388686,0.43930395504506725,0.2484435106673385
786,0.4744520188576989,245,True,0.7247548586789034,0.08644704035780143,0.12168910751868105
787,0.884875035606383,828,True,0.17584403936950072,0.6122798859646332,0.20344172381358194
788,0.3737340952599767,589,True,0.0955038308820007,0.06595917065478704,0.6305692527644345
789,0.3833828168175044,296,True,0.4360102956139216,0.2785150969817317,0.26753844444974745
790,0.8278793539681091,634,True,0.19212429230630182,0.01,0.5994036991594203
791,0.7343511429206204,201,True,0.3290843760191014,0.13016141681815416,0.3235393815489195
792,0.714946775343209,911,True,0.12230690550269319,0.5293700617576417,0.10329721516476467
793,0.7554339920755895,292,True,0.6282289085472632,0.08388702293590389,0.031071699006806244
794,0.6165580076972033,603,True,0.5695735298067515,0.26055758280631763,0.06381522229324356
795,0.7507656394647075,377,True,0.7569134787863412,0.06955275407362507,0.07110141341657801
796,0.6599307665414965,15,True,0.28700481236342323,0.6717864917671015,0.11565591665219242
797,0.2845496263021052,521,True,0.5859707266044322,0.058418831242042474,0.04700974376636685
798,0.3371837010441,46,True,0.3677380103576236,0.44984814278440466,0.12809299751807043
799,0.3284132055403484,17,True,0.48433703941533285,0.3985098619766915,0.22891777102210975
800,0.6885527046020636,171,False,0.8151776253340055,0.23452659191141675,0.01
801,0.4705894555133524,380,False,0.6160980343940603,0.06431597129039823,0.07839257297023067
802,0.437317312741174,403,True,0.9055713255704738,0.24073772032768076,0.30356572671254856
803,0.6528634616405642,818,False,0.41029348305367586,0.40818795401645913,0.2674470963540986
804,0.645342093190941,290,True,0.01,0.15467660522878757,0.6751320256245951
805,0.4289757576377763,410,True,0.8924386897924113,0.2158846361264404,0.055755484608965296
806,0.32990224325285356,708,True,0.01,0.6755662108716336,0.06787251865167251
807,0.9183053642702436,589,True,0.5593467755961447,0.0988867144266835,0.04920800253743806
808,0.6859970385512548,20,True,0.47755114453573905,0.4622583124743347,0.24825320651135732
809,0.6018184799345998,755,True,0.45613818789348265,0.0808623102544601,0.13083102309631456
810,0.5504485927252245,725,True,0.07808369765630546,0.6719277146275663,0.07835751928805154
811,0.5131772936305504,656,True,0.06017146400645568,0.7059806566002068,0.05334253840908587
812,0.4623916291343539,461,True,0.10867248944998888,0.6298581086857398,0.08950299195049917
813,0.5772139555100535,179,True,0.5457976982814419,0.36149387980050607,0.27219431915899817
814,0.6476653827790642,219,True,0.6654232448153868,0.2515157208648855,0.08372321573539446
815,0.5379449145603474,571,True,0.6241249008056141,0.353872698242959,0.26971569051188043
816,0.29614741630354086,654,True,0.1570271694707672,0.22765578977002815,0.6134578064023711
817,0.13664907518950836,860,True,0.6750917521581853,0.15092451048829864,0.01
818,0.4415820323949207,856,True,0.09892588019621533,0.13155519728900583,0.670633398651535
819,0.5590395766861513,337,True,0.07395361467084577,0.23870069243895203,0.7477338728103989
820,0.4206344727270417,537,True,0.24159974125536424,0.595977635144898,0.07800629179016547
821,0.2374071190369158,40,True,0.8092391711384815,0.14610239480922002,0.012732746984210994
822,0.5830122938179851,303,True,0.3533012798628545,0.6143978214720154,0.13030966223613902
823,0.6454651436129593,977,True,0.42852078601334564,0.24837543208248827,0.37407709086603574
824,0.18457964796849863,256,True,0.370199131805691,0.5266072980522054,0.11661581441790736
825,0.5756474486398664,718,True,0.18193914261725364,0.6563856341274927,0.059390823312251234
826,0.3960167225075375,933,True,0.2480882281439005,0.6879349978412632,0.01
827,0.5234205857320323,250,True,0.4151054281357716,0.19299432108047587,0.4002283849029313
828,0.343574202764364,626,True,0.4505392843705893,0.7041912569255643,0.04034433625137745
829,0.537433631411976,1,False,0.4534438591433515,0.2851699603676505,0.2513900555159209
830,0.3712036399538674,51,True,0.6441845592491543,0.21589489576100768,0.01
831,0.5031586370560209,786,True,0.6794275342999301,0.2205128569252695,0.045518963812028
832,0.605550252357574,323,True,0.4008385803937599,0.38779818335015814,0.4192795778817071
833,0.643858452762027,7,True,0.813251122097849,0.10616205288164432,0.05007913490527405
834,0.38752132956058677,742,True,0.22459527330738652,0.40331027527468727,0.4832830493927541
835,0.4952484267939889,46,True,0.49313111179866304,0.254050348554193,0.2937093451367396
836,0.3846981258701848,802,True,0.4216459676068534,0.30415566889164125,0.13375134476610623
837,0.8436494580567098,944,True,0.3583063210411278,0.13348687202733106,0.46471284816842157
838,0.52232497296631,426,True,0.5819659488308121,0.1660653461600249,0.15958470404230413
839,0.585848068080374,527,True,0.5075224837195935,0.3266771379525124,0.32687459106999195
840,0.5597822548045365,964,True,0.19981473953278223,0.7072233870790486,0.01
841,0.6777546784770365,56,False,0.09906638917761741,0.14016191120482738,0.735897079530253
842,0.45937881777050193,261,True,0.750076419935237,0.2951106940500978,0.25443307661359027
843,0.5623630964575984,980,True,0.30992410031427553,0.43217075555995066,0.1554944703641459
844,0.6115785446639419,794,True,0.05158981997521666,0.13335377747715402,0.6971248668361866
845,0.5726982857267292,500,True,0.049912222840169086,0.3309100387498408,0.73733202586867
846,0.5865006338909322,860,True,0.01,0.18156827873178952,0.6219043732140898
847,0.3100579362926093,775,True,0.08092176208216459,0.24996343398394355,0.7632187921282593
848,0.8321383320262421,433,True,0.18062371749813974,0.020124508048362938,0.5579915413889593
849,0.927628237208563,840,True,0.703147195463261,0.290208788269004,0.01
850,0.36531049153676576,675,True,0.511671076915659,0.06817197762799981,0.14397893842583193
851,0.1,541,True,0.31870406863144196,0.31319939658423834,0.35376721208412387
852,0.30761642727062316,795,True,0.99,0.2767533227872655,0.01
853,0.3759214121509088,290,True,0.6845549310371091,0.11846525609234759,0.19784425810997888
854,0.16887490003629807,870,True,0.679517413001292,0.3325807710405873,0.011570008833072881
855,0.7341798675497856,856,True,0.749400560560881,0.13251962673649204,0.015717019225139003
856,0.619069520575425,505,True,0.4249560594490376,0.2514190340976341,0.5201484424073279
857,0.5885519870204515,981,True,0.5834063857654143,0.19834721428131535,0.15710471466508086
858,0.6351670340038508,436,True,0.32402393128998974,0.5632448157233602,0.2581831742219335
859,0.733040251853959,637,True,0.663759736163095,0.3962430834042814,0.024493954449675323
860,0.3740980078567079,987,True,0.4205842817338968,0.19952860794233762,0.07799990606149827
861,0.4935592867219166,641,True,0.21307247497024528,0.7747516764388804,0.028224584316807577
862,0.7296363064233508,49,True,0.1337047310131292,0.6191819013561168,0.01
863,0.6416762763785154,10,True,0.412964230101969,0.658829962988448,0.3684860898988712
864,0.40709049671680986,921,True,0.7274787313092782,0.30944648508797734,0.1786482385837294
865,0.5448234025923678,774,True,0.14405878727476815,0.6394062509964216,0.07029186163872835
866,0.5816234993930278,279,True,0.45564177590853455,0.34205644612538577,0.466013465065378
867,0.4999063563842288,501,False,0.784856484684408,0.32137294619991047,0.2305673582519853
868,0.2889596879299261,32,True,0.30880252346165105,0.32495423459914224,0.36125523703306694
869,0.5174812045839023,254,True,0.2564737105576721,0.12288263421170387,0.4928044106241975
870,0.5128198929460136,768,True,0.06389066707487545,0.013430766956684936,0.6420558423147474
871,0.5540586978914087,898,True,0.15239925918270245,0.21190877947022455,0.6423914203281381
872,0.4947038560411099,483,True,0.5780083832456124,0.04111166699714558,0.01
873,0.4194510571284412,223,True,0.3187121247324789,0.33423980475597725,0.52296784608358
874,0.3543051594871899,114,True,0.15060755017597605,0.6034053715054974,0.01
875,0.3750782128374102,252,True,0.7016414733699877,0.15078614930820433,0.017304086074415415
876,0.7097777185980715,943,True,0.12140029903454418,0.09440504417100089,0.8137003768538879
877,0.77453671016404,371,True,0.2627078549275933,0.23805714995434088,0.3979449731778959
878,0.4980529403109865,30,True,0.019037414018270776,0.7185798766638622,0.24197634094882065
879,0.3152730747206806,734,True,0.2338370368962894,0.813906683721733,0.08904062528150704
880,0.31572838275045456,427,True,0.6981353895997355,0.19117636962589457,0.3032133847061875
881,0.31150801776377807,134,True,0.6117366434021887,0.028644884961772255,0.01
882,0.5799727457934694,955,True,0.01,0.7981314344248821,0.08337772557246177
883,0.3081558702726316,136,True,0.17751422960939633,0.6984788772831481,0.1889617933112402
884,0.5021354044028846,599,True,0.5554830437401556,0.08749561849040795,0.10966390010686916
885,0.8314901955069794,506,True,0.01,0.14138814235947417,0.584092077599578
886,0.7023919668792747,689,True,0.6045830597816912,0.29681024399740863,0.022890263000628505
887,0.21379437076899022,84,True,0.3400351670445238,0.34054359264093503,0.3435730694382237
888,0.6667310044504775,918,True,0.1546473837364191,0.35440678042575213,0.49082877952639264
889,0.4168153233808048,945,True,0.20833748822874507,0.3083236920409762,0.36831185800505384
890,0.5556120884154272,578,True,0.07036453406650528,0.7866748106883018,0.16141793316071196
891,0.894726462810735,197,True,0.4818735138787579,0.19632517567925495,0.25838729367452407
892,0.4915929657235063,597,True,0.21414283151895286,0.20655391610220425,0.399238014696052
893,0.36925483910817747,553,True,0.44137298192029734,0.3670840176758052,0.19680537150571717
894,0.7306517713477516,918,True,0.39159682508093424,0.4689109728915265,0.2938021478093804
895,0.645018325226475,898,True,0.16854958373348253,0.6676993102617121,0.16571263633782057
896,0.4463834547336987,108,True,0.011034113878372151,0.21016734341680085,0.6986828488745038
897,0.781433296708818,527,True,0.01,0.1795042613092001,0.7738539076156804
898,0.5464452271674789,637,True,0.35224329210107463,0.31429886483568303,0.2355285900926873
899,0.4797235244102401,470,True,0.4910107565376185,0.4316007985439926,0.254930955315004
900,0.464493255452022,295,True,0.7563426027776903,0.1393829779434523,0.20657067107737506
901,0.6886355767721597,40,False,0.1707794685370723,0.7923406114758762,0.1015257549754958
902,0.750446329499749,480,True,0.6472497352329273,0.2031132913928278,0.20097330413606695
903,0.7243096157831476,527,True,0.6591662816984535,0.2661420216003279,0.18154075860065874
904,0.7149976151516237,540,True,0.21237908870057115,0.36746997330863884,0.5996468701814889
905,0.3965257711849711,133,True,0.2177556476025225,0.6980646295573868,0.11517869892069374
906,0.22590300714039718,64,True,0.40643733503798557,0.3031692494785128,0.38926048632554644
907,0.466539247241229,935,True,0.340225491846161,0.5296209829662469,0.3062198294194991
908,0.34795247822182396,253,True,0.4436832359537168,0.4016661526820519,0.15740710736651523
909,0.1648253705242233,964,True,0.33620658053139746,0.45857393916640166,0.030977916907764247
910,0.46307946571453923,831,True,0.39771775604328546,0.7361464366879068,0.11270211357240836
911,0.4024140285102518,685,True,0.2854766312775721,0.41840958069484213,0.12005865923165204
912,0.24382832510369995,622,True,0.01,0.23128914840106032,0.7415439553564468
913,0.20952733470564366,801,True,0.265139266108378,0.13476072348956922,0.6643538956054734
914,0.6669549311223598,700,True,0.6234979982478617,0.3610973395348461,0.2848784682968107
915,0.5285448770740159,679,True,0.01,0.2702884592137208,0.8137044779385507
916,0.5353325977143805,587,False,0.6064733577773301,0.18792105283385563,0.03224785716877264
917,0.7374806002052822,883,True,0.08416968596286928,0.8368459112906204,0.1701971811392724
918,0.2621310742834111,777,True,0.6096910205353846,0.35701365819525344,0.01
919,0.1,384,False,0.4171101169292139,0.667364905385394,0.2848853289183917
920,0.6356729789329206,417,True,0.174273236403436,0.29057053413277173,0.8901870544741421
921,0.3470131007608037,787,True,0.6274151668531501,0.44435300878832656,0.08068330457230599
922,0.21414972961987927,311,True,0.01,0.2742779257590336,0.725087214203417
923,0.6413290399789391,999,True,0.2449312202214039,0.3558980150023708,0.8742498496646776
924,0.5169401683014874,707,True,0.15276295998584383,0.6920809912252155,0.17548920887986852
925,0.41102759222817725,829,True,0.3249201256526413,0.4305275787140416,0.2384204691210908
926,0.546950971294214,106,True,0.38664374339399293,0.3570861199757025,0.5313578435233961
927,0.42662571621393225,863,True,0.3062368387751594,0.30769576212196764,0.15292029843845933
928,0.36841520003748274,142,True,0.2361688790657892,0.5170796838433322,0.17994017866968612
929,0.4788839978811024,494,True,0.4112447636837464,0.30559167515611674,0.23235345675731972
930,0.6361009505762583,988,True,0.4778845403539872,0.4597942594881281,0.2985568250228047
931,0.4210551557325266,280,True,0.7877215864745306,0.3680927799393499,0.1962090753765716
932,0.6826950411249912,413,True,0.37398200145909133,0.336713806696746,0.07170216234362889
933,0.32275574019071385,626,True,0.20033697390842542,0.4035550007186868,0.32391102416348416
934,0.5657565791852472,845,True,0.4382924325999893,0.2874718387366895,0.4023309974101458
935,0.17523606149090099,251,True,0.5007525053289467,0.3080072628699156,0.01
936,0.6440392460802868,322,True,0.11472936703411651,0.8055072106755097,0.01
937,0.25114288385426964,891,True,0.7013163169210705,0.291044143580369,0.060922393458966696
938,0.7993895157882738,104,True,0.8573648991971125,0.23743367907769786,0.21880117061176962
939,0.40971901270044847,275,True,0.07284885019377829,0.2838937820003102,0.8271354660759469
940,0.15140525821582207,545,True,0.5079120655721544,0.4687333978112767,0.12955858778255835
941,0.4930491618660518,312,False,0.059922639769641683,0.7730272835170608,0.1008150204931506
942,0.516018077742201,657,True,0.375018038843991,0.38671362333566417,0.40866394419942326
943,0.4299806759857058,48,True,0.20170456897436206,0.6314424438342068,0.024377574598962864
944,0.6507525011906922,285,True,0.01,0.30615431711322705,0.737226024098884
945,0.3685519287308664,9,True,0.15246058517942018,0.23243101985721,0.6051928252133477
946,0.3661446101063522,90,True,0.32867471968315076,0.13170539591606248,0.30260984720188544
947,0.373714485112261,393,True,0.15494133504326033,0.24374517910373783,0.41438371582408046
948,0.5942868847469461,21,False,0.8267983978438386,0.1887286443284335,0.16907240549752406
949,0.3730050066945486,617,True,0.05446347390495421,0.22281858160204504,0.6422720223416241
950,0.3440194231473208,267,True,0.5368233622304388,0.24110283778007294,0.08748331189126991
951,0.8538740108880973,675,True,0.3243882692378563,0.3286701874604781,0.20189244045605992
952,0.8203441566351388,250,True,0.2836809509066417,0.4833470420387803,0.32778908134119433
953,0.752037319854592,542,True,0.3638383037966035,0.7337757272409681,0.16454884400180408
954,0.45830780568900553,946,True,0.28823805217734977,0.13496775179891007,0.4726065713039413
955,0.1,371,False,0.7726603897975891,0.2109198260432045,0.10895272455456594
956,0.3313230560343411,689,True,0.09293113388791562,0.02550971862676016,0.7664432367860055
957,0.12734154871247017,150,True,0.6242720669601568,0.38983082387725865,0.20224681166493874
958,0.4733350969293482,76,False,0.7066446658934378,0.23651362298893644,0.2138789479302361
959,0.6661333524040406,366,True,0.27747031860311516,0.20605343840308094,0.3046534902278152
960,0.21818060248556564,585,True,0.30824155181495977,0.5361320370539802,0.3174269837792848
961,0.4266566190688324,646,True,0.3243419806457367,0.44648161537366304,0.35855727984209107
962,0.6053360647313114,715,True,0.36277821230524515,0.4214097553583537,0.07418116028975169
963,0.678076415940446,784,True,0.2782703578927343,0.15100988188593434,0.5608959187602479
964,0.3234777432181748,427,True,0.43079596762233197,0.4152572727010547,0.26328674620931436
965,0.7348491902774876,55,True,0.3887448493500222,0.3625240037758598,0.23881449059126958
966,0.5046497408110899,625,True,0.26632433958626833,0.2989282985713349,0.44624319604889073
967,0.5272049088297649,527,True,0.23662738385141335,0.5002604316660572,0.010571172836420645
968,0.4466193461419308,305,True,0.2669410349644588,0.6723551836709585,0.2159899225765225
969,0.2655927948264826,275,True,0.09410568524812096,0.1073085140688012,0.8006343000557832
970,0.3892061031211194,497,True,0.01,0.20682967477939632,0.6985309720325342
971,0.5216552144348887,661,True,0.24734849644102527,0.7126008876060195,0.01
972,0.4317850066043709,90,False,0.13658584280636593,0.089262590921662,0.731931442276963
973,0.6042318911371869,258,True,0.32975584868386587,0.4873870693580602,0.18142699025990133
974,0.43581506205536924,430,True,0.4793248985111758,0.280239727386862,0.4020859044223067
975,0.3408580635056393,820,True,0.16360859439151457,0.44054734662734996,0.3075892773146061
976,0.26657474258731323,689,True,0.21718115044360242,0.37350656082183686,0.2907413288225406
977,0.5381390419881955,65,True,0.19602653644236634,0.5905361895054095,0.12915834589966366
978,0.14850117913909922,354,True,0.6201343805880815,0.200734257698836,0.057385464858066094
979,0.7323337303242496,623,True,0.3653747900374751,0.3041627289808304,0.479818827704943
980,0.597058527838112,605,True,0.34832464483052883,0.6329987268874875,0.1395783513468559
981,0.4505610996041139,461,True,0.2468087894858092,0.7044305866748849,0.2492497067982146
982,0.2153775484012948,731,True,0.3923666756976035,0.41104943565045593,0.4358861780856215
983,0.5824189957914814,831,True,0.8000777973834114,0.12812910515048948,0.20151839795145127
984,0.4039787005841532,168,True,0.44511510605387894,0.2786885982989138,0.4243972647018851
985,0.478047744549258,554,True,0.4466258982730098,0.5254775827494395,0.12209328215912817
986,0.6469326986711492,789,True,0.2694370304591105,0.43016170903020123,0.24720980777573576
987,0.14822240321481767,394,True,0.3608527544434773,0.32333068485234984,0.3785926358962919
988,0.6300054122663057,701,True,0.8033846105865108,0.17015747505134254,0.18693434925185964
989,0.5100473495841429,481,True,0.4695838589810265,0.42234290930882795,0.14280072602442095
990,0.4549131591528512,486,True,0.10758260944838322,0.28771442555612414,0.5984386710399963
991,0.585813810894833,591,False,0.3148754150082855,0.4571550450322178,0.4352044901536233
992,0.7782171259616582,838,True,0.4379239606552257,0.3798460233601748,0.37092174883214984
993,0.45085185994402344,402,True,0.6921741150508133,0.16746172581940447,0.019778473622227052
994,0.6317075063770314,327,True,0.14998825983850703,0.41734581278638355,0.7409081360018837
995,0.5833250985669701,635,True,0.6927970452278459,0.09882535595356573,0.05121719706295172
996,0.7870343685342565,108,True,0.20497900838307995,0.608399116696209,0.0429404589968889
997,0.9464741528449441,670,True,0.35472199709752605,0.37123379739118234,0.11186329823236643
998,0.17143965680278545,115,True,0.3413443964510096,0.29724621763186504,0.4182406231211779
999,0.27594579913957007,856,True,0.1071903936001426,0.7748608231295007,0.17430232129007456
